season,team_name,team_abbr,playoff_games,po_ft_rate,season_label,reg_ft_rate,reg_ft_rate_allowed,po_ft_rate_allowed,ft_rate_change,ft_rate_allowed_change,net_ft_rate_swing
2000,Charlotte Hornets,CHH,4,0.36,1999-00,0.376243685902342,0.2653061224489796,0.315625,-0.016243685902341987,0.05031887755102038,-0.06656256345336237
2000,Detroit Pistons,DET,3,0.3894230769230769,1999-00,0.3776940467219292,0.33358186698478975,0.3395348837209302,0.011729030201147739,0.0059530167361404596,0.005776013465007279
2000,Indiana Pacers,IND,23,0.3224917309812569,1999-00,0.3024096385542169,0.26081352048123746,0.3198707592891761,0.02008209242704001,0.05905723880793862,-0.038975146380898607
2000,Los Angeles Lakers,LAL,23,0.3931855056787453,1999-00,0.34640140433001754,0.29967760844079716,0.3697339246119734,0.046784101348727736,0.07005631617117625,-0.02327221482244851
2000,Miami Heat,MIA,10,0.3283582089552239,1999-00,0.2827298050139276,0.3065959059893859,0.3520336605890603,0.0456284039412963,0.04543775459967442,0.00019064934162188463
2000,Milwaukee Bucks,MIL,5,0.26634382566585957,1999-00,0.29031785557345835,0.33729680915111376,0.33578431372549017,-0.02397402990759878,-0.0015124954256235945,-0.022461534481975187
2000,Minnesota Timberwolves,MIN,4,0.22875816993464052,1999-00,0.2560057887120116,0.33226885644768855,0.3170731707317073,-0.027247618777371058,-0.015195685715981233,-0.012051933061389825
2000,New York Knicks,NYK,16,0.3177892918825561,1999-00,0.2831816755569501,0.3365114098155674,0.3283582089552239,0.034607616325605994,-0.00815320086034349,0.042760817185949485
2000,Philadelphia 76ers,PHI,10,0.36875,1999-00,0.3285123966942149,0.3034116755117513,0.31047865459249674,0.04023760330578513,0.007066979080745439,0.03317062422503969
2000,Phoenix Suns,PHO,9,0.2743243243243243,1999-00,0.28562989218726925,0.33083270817704424,0.44396551724137934,-0.011305567862944954,0.1131328090643351,-0.12443837692728005
2000,Portland Trail Blazers,POR,16,0.38632478632478634,1999-00,0.315552099533437,0.30272990696965074,0.3658954584404456,0.07077268679134935,0.06316555147079483,0.0076071353205545145
2000,Sacramento Kings,SAC,5,0.37037037037037035,1999-00,0.27661909989023054,0.2638485978726343,0.30493273542600896,0.09375127048013981,0.041084137553374644,0.05266713292676517
2000,San Antonio Spurs,SAS,4,0.40131578947368424,1999-00,0.34631628343500703,0.2545347293909453,0.21492537313432836,0.054999506038677204,-0.039609356256616934,0.09460886229529414
2000,Seattle Supersonics,SEA,5,0.2914572864321608,1999-00,0.28217679239850274,0.2586082697017721,0.2734375,0.009280494033658049,0.014829230298227913,-0.005548736264569865
2000,Toronto Raptors,TOR,3,0.4189189189189189,1999-00,0.3004940424295263,0.32290249433106577,0.43283582089552236,0.1184248764893926,0.10993332656445659,0.008491549924936004
2000,Utah Jazz,UTA,10,0.31769436997319034,1999-00,0.33699059561128525,0.34310897435897436,0.36015831134564646,-0.01929622563809491,0.017049336986672103,-0.036345562624767014
2001,Charlotte Hornets,CHH,10,0.4020486555697823,2000-01,0.33010306106752807,0.2938009536994309,0.2754182754182754,0.07194559450225424,-0.018382678281155473,0.09032827278340971
2001,Dallas Mavericks,DAL,10,0.31683168316831684,2000-01,0.29094699225729603,0.3333333333333333,0.3535483870967742,0.025884690911020802,0.020215053763440904,0.005669637147579898
2001,Indiana Pacers,IND,4,0.22796352583586627,2000-01,0.3123930959415332,0.3103396678138561,0.35202492211838005,-0.08442957010566693,0.041685254304523967,-0.1261148244101909
2001,Los Angeles Lakers,LAL,16,0.37509549274255155,2000-01,0.3489902767389678,0.3101980924431401,0.3253846153846154,0.02610521600358373,0.015186522941475267,0.010918693062108464
2001,Miami Heat,MIA,3,0.2672811059907834,2000-01,0.2994566954298498,0.2903689506468615,0.45739910313901344,-0.0321755894390664,0.16703015249215192,-0.19920574193121832
2001,Milwaukee Bucks,MIL,18,0.29379310344827586,2000-01,0.27566931450426596,0.32991246604286145,0.3322170127260549,0.0181237889440099,0.0023045466831934647,0.015819242260816435
2001,Minnesota Timberwolves,MIN,4,0.27044025157232704,2000-01,0.25280163003929557,0.3284760170006072,0.3547297297297297,0.017638621533031473,0.026253712729122525,-0.008615091196091051
2001,New York Knicks,NYK,5,0.3277310924369748,2000-01,0.2786382704098096,0.3271635005682741,0.3157894736842105,0.049092822027165195,-0.011374026884063582,0.06046684891122878
2001,Orlando Magic,ORL,4,0.27298050139275765,2000-01,0.3008875309180853,0.39482997384212953,0.42857142857142855,-0.027907029525327642,0.033741454729299014,-0.061648484254626656
2001,Philadelphia 76ers,PHI,23,0.3324367939752555,2000-01,0.35100971173115464,0.2477981788326616,0.26144511858797576,-0.018572917755899143,0.01364693975531417,-0.03221985751121331
2001,Phoenix Suns,PHO,4,0.2541899441340782,2000-01,0.29199348823442356,0.3312052320149486,0.3519061583577713,-0.037803544100345365,0.020700926342822668,-0.05850447044316803
2001,Portland Trail Blazers,POR,3,0.3406113537117904,2000-01,0.2959326788218794,0.29987569919204476,0.3346303501945525,0.04467867488991101,0.03475465100250774,0.009924023887403266
2001,Sacramento Kings,SAC,8,0.3328488372093023,2000-01,0.2977471660209499,0.24149040481860204,0.36484490398818314,0.03510167118835239,0.1233544991695811,-0.08825282798122872
2001,San Antonio Spurs,SAS,13,0.3528816986855409,2000-01,0.3736825295432769,0.24579025110782865,0.26636363636363636,-0.020800830857735986,0.020573385255807708,-0.041374216113543694
2001,Toronto Raptors,TOR,12,0.2620545073375262,2000-01,0.28456683878370626,0.2810408921933085,0.33148558758314856,-0.022512331446180034,0.05044469538984003,-0.07295702683602007
2001,Utah Jazz,UTA,5,0.33161953727506427,2000-01,0.36253776435045315,0.3935154707044108,0.3864864864864865,-0.030918227075388882,-0.007028984217924306,-0.023889242857464577
2002,Boston Celtics,BOS,16,0.29243027888446216,2001-02,0.29119001634229685,0.3178294573643411,0.3501628664495114,0.0012402625421653046,0.032333409085170295,-0.03109314654300499
2002,Charlotte Hornets,CHH,9,0.3991769547325103,2001-02,0.31990881458966564,0.29390354868061874,0.3864265927977839,0.07926814014284467,0.09252304411716517,-0.013254903974320498
2002,Dallas Mavericks,DAL,8,0.2869318181818182,2001-02,0.28773448773448773,0.3187855787476281,0.37920937042459735,-0.0008026695526695549,0.06042379167696926,-0.06122646122963882
2002,Detroit Pistons,DET,10,0.30434782608695654,2001-02,0.31015873015873013,0.2729911396272533,0.2581913499344692,-0.005810904071773593,-0.014799789692784115,0.008988885621010523
2002,Indiana Pacers,IND,5,0.29736842105263156,2001-02,0.32750759878419455,0.30323529411764705,0.28433734939759037,-0.030139177731562994,-0.01889794472005668,-0.011241233011506313
2002,Los Angeles Lakers,LAL,19,0.34924787442773053,2001-02,0.31257309941520467,0.30574000295115833,0.32354818123803447,0.03667477501252586,0.017808178286876142,0.01886659672564972
2002,Minnesota Timberwolves,MIN,3,0.4279835390946502,2001-02,0.25468273558879045,0.2942590922753231,0.31640625,0.17330080350585975,0.022147157724676902,0.15115364578118284
2002,New Jersey Nets,NJN,20,0.3238841978287093,2001-02,0.27978286384976525,0.28344331133773243,0.3830877642536835,0.04410133397894406,0.09964445291595109,-0.05554311893700703
2002,Orlando Magic,ORL,4,0.39490445859872614,2001-02,0.27810822573625416,0.29203280609256005,0.4072948328267477,0.11679623286247198,0.11526202673418767,0.00153420612828431
2002,Philadelphia 76ers,PHI,5,0.43478260869565216,2001-02,0.326911124922312,0.2766153846153846,0.22279792746113988,0.10787148377334016,-0.05381745715424471,0.16168894092758487
2002,Portland Trail Blazers,POR,3,0.33739837398373984,2001-02,0.28496477289761657,0.27212661339889366,0.4439461883408072,0.05243360108612327,0.17181957494191352,-0.11938597385579025
2002,Sacramento Kings,SAC,16,0.36315390447308565,2001-02,0.3075824646580037,0.24817107484524478,0.29891696750902524,0.05557143981508195,0.05074589266378046,0.004825547151301485
2002,San Antonio Spurs,SAS,10,0.34908136482939633,2001-02,0.35344963067735347,0.243690036900369,0.2562814070351759,-0.004368265847957131,0.012591370134806879,-0.01695963598276401
2002,Seattle Supersonics,SEA,5,0.23869346733668342,2001-02,0.250261936835803,0.27918243754731265,0.3526315789473684,-0.011568469499119577,0.07344914140005576,-0.08501761089917534
2002,Toronto Raptors,TOR,5,0.266839378238342,2001-02,0.2552400773004311,0.31471048513302036,0.3651685393258427,0.011599300937910895,0.050458054192822344,-0.03885875325491145
2002,Utah Jazz,UTA,4,0.33962264150943394,2001-02,0.3812362723564481,0.37118044387262783,0.4067796610169492,-0.04161363084701414,0.03559921714432135,-0.07721284799133549
2003,Boston Celtics,BOS,10,0.3034134007585335,2002-03,0.3063450606852051,0.32310077519379843,0.4035532994923858,-0.0029316599266716037,0.08045252429858735,-0.08338418422525895
2003,Dallas Mavericks,DAL,20,0.24520627542126672,2002-03,0.25680320824978514,0.30387318678032005,0.3797930614729154,-0.011596932828518425,0.07591987469259537,-0.08751680752111379
2003,Detroit Pistons,DET,17,0.4159362549800797,2002-03,0.32196909351601083,0.3022810655606955,0.32739938080495357,0.09396716146406886,0.02511831524425806,0.0688488462198108
2003,Indiana Pacers,IND,6,0.4184549356223176,2002-03,0.34367433414043586,0.29775784753363227,0.31210191082802546,0.07478060148188176,0.014344063294393194,0.060436538187488564
2003,Los Angeles Lakers,LAL,12,0.313,2002-03,0.3105309218203034,0.31717472118959106,0.3295099061522419,0.0024690781796966044,0.012335184962650847,-0.009866106782954243
2003,Milwaukee Bucks,MIL,6,0.31236897274633124,2002-03,0.2865067466266867,0.318325553380515,0.39662447257383965,0.02586222611964456,0.07829891919332466,-0.052436693073680096
2003,Minnesota Timberwolves,MIN,6,0.31893004115226337,2002-03,0.2681744749596123,0.2696057034773752,0.3050847457627119,0.05075556619265109,0.03547904228533666,0.015276523907314432
2003,New Jersey Nets,NJN,20,0.33581626319056485,2002-03,0.3333333333333333,0.30041789196718777,0.34248366013071896,0.0024829298572315306,0.04206576816353119,-0.03958283830629966
2003,New Orleans Hornets,NOH,6,0.3282937365010799,2002-03,0.2852875280059746,0.29533599263577787,0.3744493392070485,0.04300620849510528,0.07911334657127062,-0.036107138076165335
2003,Orlando Magic,ORL,7,0.357421875,2002-03,0.3074079550495342,0.32565889124507724,0.44339622641509435,0.05001391995046578,0.11773733517001711,-0.06772341521955133
2003,Philadelphia 76ers,PHI,12,0.3446761800219539,2002-03,0.3393072289156627,0.31981769605531984,0.3580931263858093,0.005368951106291209,0.03827543033048947,-0.03290647922419826
2003,Phoenix Suns,PHO,6,0.2649402390438247,2002-03,0.2845336481700118,0.29017723039951937,0.4316702819956616,-0.019593409126187122,0.14149305159614223,-0.16108646072232935
2003,Portland Trail Blazers,POR,7,0.37251356238698013,2002-03,0.29995378215991375,0.2536697247706422,0.26902654867256637,0.07255978022706638,0.015356823901924166,0.05720295632514222
2003,Sacramento Kings,SAC,12,0.341130604288499,2002-03,0.2620886981402003,0.2753684210526316,0.28095238095238095,0.0790419061482987,0.005583959899749358,0.07345794624854934
2003,San Antonio Spurs,SAS,24,0.3990228013029316,2002-03,0.3484198824837224,0.2591376995375205,0.2773237997957099,0.0506029188192092,0.018186100258189397,0.0324168185610198
2003,Utah Jazz,UTA,5,0.3856041131105398,2002-03,0.3795443528841493,0.33769303498266623,0.35516372795969775,0.006059760226390543,0.01747069297703152,-0.011410932750640979
2004,Boston Celtics,BOS,4,0.3829787234042553,2003-04,0.32657833203429465,0.3253848475701781,0.2692307692307692,0.05640039136996067,-0.056154078339408886,0.11255446970936955
2004,Dallas Mavericks,DAL,5,0.24481327800829875,2003-04,0.2564315352697095,0.28722157092614303,0.28741092636579574,-0.011618257261410775,0.0001893554396527053,-0.01180761270106348
2004,Denver Nuggets,DEN,5,0.1926605504587156,2003-04,0.31923702498891027,0.3032122485740018,0.3484042553191489,-0.12657647453019466,0.04519200674514712,-0.17176848127534178
2004,Detroit Pistons,DET,23,0.35860889395667045,2003-04,0.3284764016471334,0.27124490435873316,0.31463273568536726,0.030132492309537073,0.043387831326634096,-0.013255339017097023
2004,Houston Rockets,HOU,5,0.3064516129032258,2003-04,0.28635996771589994,0.3160031225604996,0.3553299492385787,0.02009164518732587,0.039326826678079074,-0.019235181490753206
2004,Indiana Pacers,IND,16,0.3302828618968386,2003-04,0.31857007276178423,0.2912621359223301,0.3479381443298969,0.011712789135054358,0.056676008407566814,-0.044963219272512456
2004,Los Angeles Lakers,LAL,22,0.3746186699206833,2003-04,0.35230677052127024,0.2957831325301205,0.32953864589574594,0.022311899399413082,0.033755513365625434,-0.011443613966212351
2004,Memphis Grizzlies,MEM,4,0.32413793103448274,2003-04,0.32191677933002855,0.3282442748091603,0.3506944444444444,0.002221151704454194,0.022450169635284123,-0.02022901793082993
2004,Miami Heat,MIA,13,0.3425925925925926,2003-04,0.29842605578930964,0.33843674456083805,0.3470031545741325,0.044166536803282974,0.008566410013294445,0.03560012678998853
2004,Milwaukee Bucks,MIL,5,0.2776349614395887,2003-04,0.32962406015037593,0.28754278910552167,0.315,-0.05198909871078722,0.027457210894478334,-0.07944630960526555
2004,Minnesota Timberwolves,MIN,18,0.3020908435472242,2003-04,0.26525642976715874,0.28573584905660376,0.3065843621399177,0.03683441378006547,0.020848513083313924,0.015985900696751543
2004,New Jersey Nets,NJN,11,0.4157303370786517,2003-04,0.29127432517263024,0.2903840050777531,0.3340987370838117,0.12445601190602146,0.04371473200605863,0.08074127989996283
2004,New Orleans Hornets,NOH,7,0.27153558052434457,2003-04,0.2932626797880394,0.29132391742976876,0.3377609108159393,-0.021727099263694816,0.04643699338617052,-0.06816409264986534
2004,New York Knicks,NYK,4,0.315625,2003-04,0.2659296791033318,0.33862270836542907,0.4479166666666667,0.04969532089666817,0.10929395830123761,-0.05959863740456944
2004,Sacramento Kings,SAC,12,0.2994974874371859,2003-04,0.304574579049322,0.25722543352601157,0.2693050193050193,-0.005077091612136098,0.012079585779007751,-0.01715667739114385
2004,San Antonio Spurs,SAS,10,0.3136482939632546,2003-04,0.3215728940006217,0.2886662492172824,0.38330975954738333,-0.007924600037367113,0.09464351033010093,-0.10256811036746805
2005,Boston Celtics,BOS,7,0.3057692307692308,2004-05,0.3567808324374136,0.3635954381752701,0.45161290322580644,-0.051011601668182804,0.08801746505053631,-0.13902906671871912
2005,Chicago Bulls,CHI,6,0.36811023622047245,2004-05,0.3106796116504854,0.35201588271227857,0.43636363636363634,0.05743062456998704,0.08434775365135777,-0.026917129081370728
2005,Dallas Mavericks,DAL,13,0.3382084095063985,2004-05,0.34583769242265733,0.31629916567342076,0.32427366447985007,-0.007629282916258806,0.007974498806429309,-0.015603781722688115
2005,Denver Nuggets,DEN,5,0.38676844783715014,2004-05,0.34965986394557824,0.331365425370875,0.4190231362467866,0.0371085838915719,0.08765771087591162,-0.05054912698433972
2005,Detroit Pistons,DET,25,0.2862208713272543,2004-05,0.3348388101541816,0.2755541871921182,0.30898268398268397,-0.048617938826927276,0.033428496790565754,-0.08204643561749303
2005,Houston Rockets,HOU,7,0.344106463878327,2004-05,0.3093939866022745,0.3294410711505527,0.394392523364486,0.03471247727605248,0.06495145221393328,-0.030238974937880803
2005,Indiana Pacers,IND,13,0.36143308746048475,2004-05,0.35759442373156103,0.35041374920432844,0.31211498973305957,0.003838663728923719,-0.03829875947126887,0.04213742320019259
2005,Memphis Grizzlies,MEM,4,0.19373219373219372,2004-05,0.32275554138095996,0.35060337892196297,0.4050632911392405,-0.12902334764876625,0.05445991221727753,-0.18348325986604377
2005,Miami Heat,MIA,15,0.40929808568824066,2004-05,0.38724874371859297,0.31826994780014917,0.3387358184764992,0.022049341969647696,0.02046587067635003,0.001583471293297667
2005,New Jersey Nets,NJN,4,0.3687315634218289,2004-05,0.3176507244119022,0.3736014269498946,0.48172757475083056,0.051080839009926715,0.10812614780093593,-0.05704530879100922
2005,Philadelphia 76ers,PHI,5,0.2562814070351759,2004-05,0.3257125890736342,0.34738591719552736,0.3194805194805195,-0.06943118203845833,-0.027905397715007885,-0.04152578432345044
2005,Phoenix Suns,PHO,15,0.30424528301886794,2004-05,0.2963807352522086,0.23714094856379425,0.2595078299776286,0.007864547766659347,0.02236688141383436,-0.014502333647175014
2005,Sacramento Kings,SAC,5,0.2853828306264501,2004-05,0.2871883061049011,0.28972770494165107,0.40609137055837563,-0.0018054754784510019,0.11636366561672457,-0.11816914109517557
2005,San Antonio Spurs,SAS,23,0.36668561682774303,2004-05,0.32868217054263565,0.30743827645856264,0.286336418072945,0.03800344628510738,-0.021101858385617622,0.059105304670725
2005,Seattle Supersonics,SEA,11,0.3685446009389671,2004-05,0.3279470606340412,0.3328110310247571,0.3748558246828143,0.040597540304925905,0.04204479365805719,-0.0014472533531312837
2005,Washington Wizards,WAS,10,0.4092009685230024,2004-05,0.36443921106858995,0.3014226437462952,0.37037037037037035,0.044761757454412465,0.06894772662407517,-0.024185969169662702
2006,Chicago Bulls,CHI,6,0.39737991266375544,2005-06,0.2919697194597002,0.3794320798158097,0.375,0.10541019320405526,-0.004432079815809675,0.10984227301986493
2006,Cleveland Cavaliers,CLE,13,0.32232232232232233,2005-06,0.3615096693699314,0.303965437432495,0.39570552147239263,-0.03918734704760907,0.09174008403989764,-0.1309274310875067
2006,Dallas Mavericks,DAL,23,0.3501628664495114,2005-06,0.36423529411764705,0.3423009969931951,0.3928361714621257,-0.014072427668135656,0.05053517446893058,-0.06460760213706623
2006,Denver Nuggets,DEN,5,0.3076923076923077,2005-06,0.34652278177458035,0.3089887640449438,0.37027027027027026,-0.03883047408227264,0.061281506225326465,-0.1001119803075991
2006,Detroit Pistons,DET,18,0.3819133034379671,2005-06,0.29734675205855443,0.26,0.31226199543031224,0.08456655137941266,0.052261995430312236,0.03230455594910042
2006,Indiana Pacers,IND,6,0.3862559241706161,2005-06,0.34395919668473063,0.3167281672816728,0.35033259423503327,0.04229672748588548,0.03360442695336047,0.00869230053252501
2006,Los Angeles Clippers,LAC,12,0.33126934984520123,2005-06,0.3324538258575198,0.3276589334136788,0.27927063339731284,-0.0011844760123185805,-0.04838830001636596,0.04720382400404738
2006,Los Angeles Lakers,LAL,7,0.28350515463917525,2005-06,0.32874224307552596,0.3242706583167863,0.28113879003558717,-0.045237088436350714,-0.04313186828119914,-0.002105220155151577
2006,Memphis Grizzlies,MEM,4,0.424812030075188,2005-06,0.33910204081632656,0.31464679196370704,0.3583061889250814,0.08570998925886142,0.043659396961374386,0.04205059229748703
2006,Miami Heat,MIA,23,0.4267707082833133,2005-06,0.36349331235247834,0.34048093122989737,0.35447338618346547,0.06327739593083498,0.013992454953568101,0.04928494097726688
2006,Milwaukee Bucks,MIL,5,0.26683291770573564,2005-06,0.32211392019494367,0.3504621651261162,0.4521276595744681,-0.05528100248920803,0.10166549444835188,-0.1569464969375599
2006,New Jersey Nets,NJN,11,0.3513189448441247,2005-06,0.3462086433433592,0.35872709739633557,0.4337194337194337,0.005110301500765468,0.07499233632309815,-0.06988203482233268
2006,Phoenix Suns,PHO,20,0.25948223961468997,2005-06,0.2058043811915725,0.27391121691639825,0.2985250737463127,0.05367785842311748,0.02461385682991446,0.02906400159320302
2006,Sacramento Kings,SAC,6,0.36886993603411516,2005-06,0.3343076923076923,0.28114778471602736,0.37639198218262804,0.03456224372642286,0.09524419746660068,-0.06068195374017782
2006,San Antonio Spurs,SAS,13,0.4195223260643821,2005-06,0.29817092399873857,0.29781931464174455,0.3878550440744368,0.12135140206564354,0.09003572943269228,0.031315672632951264
2006,Washington Wizards,WAS,6,0.423728813559322,2005-06,0.375,0.34306005866913697,0.35173824130879344,0.048728813559322015,0.008678182639656473,0.04005063091966554
2007,Chicago Bulls,CHI,10,0.39021164021164023,2006-07,0.3126219420681375,0.345854114713217,0.32175032175032175,0.07758969814350275,-0.02410379296289522,0.10169349110639797
2007,Cleveland Cavaliers,CLE,20,0.3414154652686763,2006-07,0.3203664764193451,0.33075587817579294,0.3210455764075067,0.02104898884933115,-0.009710301768286245,0.030759290617617396
2007,Dallas Mavericks,DAL,6,0.3711340206185567,2006-07,0.31744799751629926,0.35507130267585324,0.37130801687763715,0.05368602310225745,0.01623671420178391,0.037449308900473544
2007,Denver Nuggets,DEN,5,0.26448362720403024,2006-07,0.3598824393828068,0.27440744920993226,0.19518072289156627,-0.09539881217877655,-0.079226726318366,-0.01617208586041055
2007,Detroit Pistons,DET,16,0.3462171052631579,2006-07,0.3066008636644047,0.3165535742464889,0.4067796610169492,0.03961624159875321,0.09022608677046029,-0.05060984517170708
2007,Golden State Warriors,GSW,11,0.3762597984322508,2006-07,0.29980136208853575,0.35205938000291076,0.3964165733482643,0.07645843634371507,0.04435719334535354,0.032101242998361534
2007,Houston Rockets,HOU,7,0.3629191321499014,2006-07,0.2919730392156863,0.30755036137167463,0.26024955436720143,0.07094609293421511,-0.0473008070044732,0.11824689993868831
2007,Los Angeles Lakers,LAL,5,0.25116279069767444,2006-07,0.3332833133253301,0.34528947760083345,0.29550827423167847,-0.08212052262765568,-0.04978120336915498,-0.0323393192585007
2007,Miami Heat,MIA,4,0.36454849498327757,2006-07,0.321087786259542,0.3128740217891668,0.31746031746031744,0.043460708723735586,0.004586295671150653,0.03887441305258493
2007,New Jersey Nets,NJN,12,0.3181818181818182,2006-07,0.33751371688352405,0.34913526868437306,0.34263392857142855,-0.019331898701705874,-0.006501340112944509,-0.012830558588761365
2007,Orlando Magic,ORL,4,0.3944636678200692,2006-07,0.3929392446633826,0.3758681957680504,0.42517006802721086,0.001524423156686605,0.04930187225916044,-0.047777449102473835
2007,Phoenix Suns,PHO,11,0.29777777777777775,2006-07,0.26652078774617066,0.2682376181741216,0.29088913282107576,0.03125699003160709,0.02265151464695414,0.00860547538465295
2007,San Antonio Spurs,SAS,20,0.3166123778501629,2006-07,0.31289506953223767,0.27170044870803034,0.30210325047801145,0.0037173083179252164,0.030402801769981114,-0.026685493452055897
2007,Toronto Raptors,TOR,6,0.3469387755102041,2006-07,0.30273407667634034,0.28985287426057943,0.29867256637168144,0.04420469883386374,0.008819692111102007,0.035385006722761736
2007,Utah Jazz,UTA,17,0.3488888888888889,2006-07,0.38046669757379076,0.4093038281376191,0.39154267815191857,-0.03157780868490184,-0.017761149985700553,-0.01381665869920129
2007,Washington Wizards,WAS,4,0.2620481927710843,2006-07,0.3555718475073314,0.32029850746268657,0.3941368078175896,-0.09352365473624707,0.07383830035490302,-0.1673619550911501
2008,Atlanta Hawks,ATL,7,0.4408817635270541,2007-08,0.3398962148962149,0.2885786425070548,0.26573426573426573,0.1009855486308392,-0.022844376772789055,0.12382992540362825
2008,Boston Celtics,BOS,26,0.3538146441372248,2007-08,0.3461660833598473,0.34064027755874465,0.4106280193236715,0.007648560777377522,0.06998774176492684,-0.062339180987549314
2008,Cleveland Cavaliers,CLE,13,0.39460020768431986,2007-08,0.3077497386889652,0.3203342618384401,0.36958817317845827,0.08685046899535465,0.049253911340018164,0.03759655765533648
2008,Dallas Mavericks,DAL,5,0.38071065989847713,2007-08,0.31849577897160397,0.3309418409403145,0.2647058823529412,0.06221488092687316,-0.0662359585873733,0.12845083951424646
2008,Denver Nuggets,DEN,4,0.327683615819209,2007-08,0.3579141801648196,0.27769409831576064,0.34,-0.030230564345610555,0.062305901684239384,-0.09253646602984994
2008,Detroit Pistons,DET,17,0.31990521327014215,2007-08,0.29995420546481455,0.3280974515146658,0.3761169780666125,0.019951007805327603,0.04801952655194669,-0.028068518746619087
2008,Houston Rockets,HOU,6,0.3326271186440678,2007-08,0.2759032547028964,0.28996057021534727,0.33480176211453744,0.056723863941171404,0.04484119189919017,0.011882672041981235
2008,Los Angeles Lakers,LAL,21,0.3706844336765597,2007-08,0.3329422117923145,0.2841070919965822,0.3293103448275862,0.0377422218842452,0.045203252831004015,-0.007461030946758818
2008,New Orleans Hornets,NOH,12,0.25,2007-08,0.25117716303708065,0.23909751665657178,0.310010764262648,-0.001177163037080653,0.07091324760607623,-0.07209041064315688
2008,Orlando Magic,ORL,10,0.3222811671087533,2007-08,0.35494880546075086,0.28811086797957697,0.2623941958887545,-0.03266763835199754,-0.025716672090822457,-0.006950966261175084
2008,Philadelphia 76ers,PHI,6,0.4017857142857143,2007-08,0.3214500601684717,0.26537515375153753,0.25277161862527714,0.08033565411724258,-0.01260353512626039,0.09293918924350297
2008,Phoenix Suns,PHO,5,0.36893203883495146,2007-08,0.2915069301091124,0.2544691224268689,0.284037558685446,0.07742510872583908,0.02956843625857708,0.047856672467261996
2008,San Antonio Spurs,SAS,17,0.2605166051660517,2007-08,0.2761519302615193,0.2658995490592443,0.2746376811594203,-0.01563532509546761,0.008738132100175988,-0.0243734571956436
2008,Toronto Raptors,TOR,5,0.22429906542056074,2007-08,0.24650609574784418,0.26366265793880345,0.336734693877551,-0.02220703032728344,0.07307203593874756,-0.095279066266031
2008,Utah Jazz,UTA,12,0.329938900203666,2007-08,0.34860436893203883,0.3926185173401209,0.4217391304347826,-0.018665468728372825,0.02912061309466174,-0.047786081823034565
2008,Washington Wizards,WAS,6,0.3858093126385809,2007-08,0.29738610903659446,0.28759369741471624,0.3771551724137931,0.08842320360198647,0.08956147499907685,-0.0011382713970903846
2009,Atlanta Hawks,ATL,11,0.3234567901234568,2008-09,0.3232057045419315,0.2723558783477077,0.3440721649484536,0.00025108558152531213,0.07171628660074592,-0.0714652010192206
2009,Boston Celtics,BOS,14,0.3092608326253186,2008-09,0.3276488236222959,0.3287628544717981,0.34440559440559443,-0.0183879909969773,0.015642739933796335,-0.034030730930773634
2009,Chicago Bulls,CHI,7,0.34262295081967215,2008-09,0.2997370727432077,0.30259324009324007,0.3145539906103286,0.042885878076464434,0.011960750517088559,0.030925127559375876
2009,Cleveland Cavaliers,CLE,14,0.3830798479087453,2008-09,0.3117446544778432,0.2940720049658597,0.3053435114503817,0.07133519343090206,0.011271506484521965,0.06006368694638009
2009,Dallas Mavericks,DAL,10,0.3751651254953765,2008-09,0.2735598227474151,0.28243483412322273,0.36726804123711343,0.10160530274796142,0.0848332071138907,0.016772095634070727
2009,Denver Nuggets,DEN,16,0.4262948207171315,2008-09,0.38202764976958525,0.3306619174829326,0.41453344343517756,0.04426717094754623,0.08387152595224495,-0.03960435500469872
2009,Detroit Pistons,DET,4,0.18831168831168832,2008-09,0.28190272907455405,0.3195924764890282,0.4460431654676259,-0.09359104076286573,0.12645068897859768,-0.2200417297414634
2009,Houston Rockets,HOU,13,0.28816986855409504,2008-09,0.2916028194912657,0.25686711210096513,0.2823529411764706,-0.0034329509371706646,0.02548582907550545,-0.028918780012676115
2009,Los Angeles Lakers,LAL,23,0.341792656587473,2008-09,0.2989543045408967,0.28293040293040295,0.36081903707802987,0.04283835204657627,0.07788863414762692,-0.035050282101050656
2009,Miami Heat,MIA,7,0.324435318275154,2008-09,0.28152272043334337,0.32532751091703055,0.34824902723735407,0.04291259784181062,0.02292151632032352,0.019991081521487097
2009,New Orleans Hornets,NOH,5,0.39886039886039887,2008-09,0.2879359095193214,0.2968873439721915,0.381201044386423,0.11092448934107746,0.08431370041423147,0.026610788926845985
2009,Orlando Magic,ORL,24,0.3596685082872928,2008-09,0.3511533665835411,0.277376565954311,0.3054526204340921,0.008515141703751672,0.02807605447978112,-0.01956091277602945
2009,Philadelphia 76ers,PHI,6,0.27555555555555555,2008-09,0.3392529087568892,0.2761596548004315,0.32456140350877194,-0.06369735320133363,0.048401748708340464,-0.11209910190967409
2009,Portland Trail Blazers,POR,6,0.2639821029082774,2008-09,0.30612873421619957,0.2824500158679784,0.29411764705882354,-0.04214663130792218,0.011667631190845129,-0.05381426249876731
2009,San Antonio Spurs,SAS,5,0.2689295039164491,2008-09,0.25114784205693297,0.24893422655298417,0.3252032520325203,0.01778166185951613,0.07626902547953615,-0.05848736362002002
2009,Utah Jazz,UTA,5,0.3728395061728395,2008-09,0.3551260757964669,0.34306345060685206,0.37084398976982097,0.01771343037637263,0.02778053916296891,-0.01006710878659628
2010,Atlanta Hawks,ATL,11,0.2762557077625571,2009-10,0.2814292015880018,0.27963158689415674,0.30177514792899407,-0.005173493825444686,0.022143561034837334,-0.02731705486028202
2010,Boston Celtics,BOS,24,0.34140969162995594,2009-10,0.3320622815379727,0.3367762128325509,0.38245219347581555,0.009347410091983255,0.04567598064326467,-0.036328570551281414
2010,Charlotte Bobcats,CHA,4,0.3617021276595745,2009-10,0.3457025055502696,0.2616279069767442,0.4690909090909091,0.01599962210930489,0.2074630021141649,-0.19146338000486002
2010,Chicago Bulls,CHI,5,0.26450116009280744,2009-10,0.2874725274725275,0.28438634713144517,0.3444730077120823,-0.022971367379720053,0.06008666058063711,-0.08305802796035716
2010,Cleveland Cavaliers,CLE,11,0.42002442002442003,2009-10,0.34110467845407605,0.2875018845168099,0.31933701657458563,0.07891974157034398,0.03183513205777572,0.047084609512568265
2010,Dallas Mavericks,DAL,6,0.29411764705882354,2009-10,0.27662721893491127,0.27171197648787654,0.31837606837606836,0.01749042812391227,0.046664091888191817,-0.029173663764279545
2010,Denver Nuggets,DEN,6,0.4692144373673036,2009-10,0.3755615453728661,0.3261897723913686,0.5,0.09365289199443749,0.1738102276086314,-0.08015733561419391
2010,Los Angeles Lakers,LAL,23,0.3197643277986074,2009-10,0.2887272727272727,0.2596491228070175,0.3510696653867252,0.031037055071334696,0.09142054257970766,-0.06038348750837297
2010,Miami Heat,MIA,5,0.24093264248704663,2009-10,0.2962565204050322,0.32631086142322097,0.34794520547945207,-0.05532387791798557,0.021634344056231103,-0.07695822197421667
2010,Milwaukee Bucks,MIL,7,0.2495511669658887,2009-10,0.23935410117176337,0.34758685741235656,0.25754884547069273,0.010197065794125326,-0.09003801194166383,0.10023507773578916
2010,Oklahoma City Thunder,OKC,6,0.4118895966029724,2009-10,0.3333836174385277,0.30038701994641265,0.2842535787321063,0.07850597916444474,-0.01613344121430632,0.09463942037875106
2010,Orlando Magic,ORL,14,0.425832492431887,2009-10,0.3403190491085393,0.27155364297373497,0.35418671799807505,0.0855134433233477,0.08263307502434009,0.0028803682990076185
2010,Phoenix Suns,PHO,16,0.3532182103610675,2009-10,0.3118738951090159,0.2950453593859037,0.3279320987654321,0.04134431525205157,0.03288673937952841,0.00845757587252316
2010,Portland Trail Blazers,POR,6,0.3644251626898048,2009-10,0.31504726483805984,0.2943954659949622,0.3170212765957447,0.049377897851744956,0.022625810600782503,0.026752087250962453
2010,San Antonio Spurs,SAS,10,0.33885350318471336,2009-10,0.2956900435500826,0.28336571513973996,0.31375,0.04316345963463075,0.030384284860260014,0.012779174774370738
2010,Utah Jazz,UTA,10,0.42138364779874216,2009-10,0.33961977186311787,0.3532684283727399,0.42534504391468003,0.08176387593562429,0.07207661554194011,0.009687260393684172
2011,Atlanta Hawks,ATL,12,0.289010989010989,2010-11,0.268782081194587,0.27260211106011933,0.30603448275862066,0.020228907816401964,0.03343237169850133,-0.013203463882099364
2011,Boston Celtics,BOS,9,0.2615606936416185,2010-11,0.30471136838720053,0.30999843038769426,0.3620689655172414,-0.04315067474558204,0.052070535129547124,-0.09522120987512916
2011,Chicago Bulls,CHI,16,0.2878200155159038,2010-11,0.3048428723242751,0.29097041238693855,0.3277591973244147,-0.01702285680837129,0.03678878493747617,-0.05381164174584746
2011,Dallas Mavericks,DAL,21,0.339058524173028,2010-11,0.28624477796688846,0.27493990384615385,0.31880448318804483,0.052813746206139545,0.043864579341890975,0.00894916686424857
2011,Denver Nuggets,DEN,5,0.4675324675324675,2010-11,0.3673068199001966,0.2961023851076207,0.43,0.10022564763227093,0.13389761489237928,-0.03367196726010835
2011,Indiana Pacers,IND,5,0.30423940149625933,2010-11,0.29983792544570503,0.3154892496709083,0.3582089552238806,0.004401476050554298,0.042719705552972276,-0.03831822950241798
2011,Los Angeles Lakers,LAL,10,0.3149100257069409,2010-11,0.2928814562675744,0.23635307781649245,0.32147742818057456,0.022028569439366485,0.08512435036408211,-0.06309578092471563
2011,Memphis Grizzlies,MEM,13,0.33516483516483514,2010-11,0.29128069401558593,0.3002003390352905,0.36601941747572814,0.04388414114924921,0.06581907844043766,-0.02193493729118845
2011,Miami Heat,MIA,21,0.3794671864847303,2010-11,0.3631169655610221,0.29936498336861206,0.28219346888478125,0.016350220923708247,-0.017171514483830808,0.033521735407539055
2011,New Orleans Hornets,NOH,6,0.35962877030162416,2010-11,0.29566708229426436,0.28623533143038377,0.3691275167785235,0.0639616880073598,0.08289218534813975,-0.01893049734077995
2011,New York Knicks,NYK,4,0.29819277108433734,2010-11,0.3039172855686617,0.31513828238719066,0.22935779816513763,-0.005724514484324372,-0.08578048422205303,0.08005596973772866
2011,Oklahoma City Thunder,OKC,17,0.3933579335793358,2010-11,0.3632924799515812,0.3067565586985197,0.38869005010737295,0.03006545362775459,0.08193349140885325,-0.051868037781098664
2011,Orlando Magic,ORL,6,0.367032967032967,2010-11,0.3277179847137732,0.2953265337189831,0.2875816993464052,0.03931498231919378,-0.007744834372577891,0.04705981669177167
2011,Philadelphia 76ers,PHI,5,0.21323529411764705,2010-11,0.27317001180637546,0.29933714974389874,0.37597911227154046,-0.059934717688728406,0.07664196252764172,-0.13657668021637012
2011,Portland Trail Blazers,POR,6,0.2938496583143508,2010-11,0.27807243521745717,0.30057896429720166,0.32805429864253394,0.01577722309689361,0.02747533434533228,-0.01169811124843867
2011,San Antonio Spurs,SAS,6,0.3693304535637149,2010-11,0.2993361496680748,0.24752186588921282,0.3291139240506329,0.0699943038956401,0.08159205816142007,-0.01159775426577997
2012,Atlanta Hawks,ATL,6,0.20378151260504201,2011-12,0.25897531787584144,0.2467387253074916,0.26304347826086955,-0.05519380527079942,0.016304752953377938,-0.07149855822417736
2012,Boston Celtics,BOS,20,0.27997407647440054,2011-12,0.25717656311443177,0.2846826301786393,0.2864450127877238,0.02279751335996877,0.0017623826090844563,0.021035130750884312
2012,Chicago Bulls,CHI,6,0.22933884297520662,2011-12,0.25521786891248627,0.23597785977859778,0.3297644539614561,-0.025879025937279643,0.09378659418285831,-0.11966562012013796
2012,Dallas Mavericks,DAL,4,0.34294871794871795,2011-12,0.24648928307464893,0.2701298701298701,0.3137254901960784,0.09645943487406902,0.04359562006620832,0.052863814807860704
2012,Denver Nuggets,DEN,7,0.2272,2011-12,0.32568467801628426,0.24349075237924223,0.2598684210526316,-0.09848467801628424,0.016377668673389356,-0.1148623466896736
2012,Indiana Pacers,IND,11,0.2894736842105263,2011-12,0.3207441860465116,0.3048642533936652,0.30164319248826293,-0.03127050183598529,-0.003221060905402251,-0.028049440930583036
2012,Los Angeles Clippers,LAC,11,0.31521739130434784,2011-12,0.28661945583302273,0.3291486857591212,0.3626634958382878,0.02859793547132511,0.03351481007916657,-0.004916874607841459
2012,Los Angeles Lakers,LAL,12,0.2845691382765531,2011-12,0.2987403647302124,0.2130457653866386,0.25803310613437197,-0.014171226453659314,0.04498734074773336,-0.059158567201392676
2012,Memphis Grizzlies,MEM,7,0.40262172284644193,2011-12,0.2773884175580966,0.2965705378020265,0.3643410852713178,0.1252333052883453,0.06777054746929129,0.05746275781905402
2012,Miami Heat,MIA,23,0.3642081189251001,2011-12,0.3066001534919417,0.276628061515094,0.2992170022371365,0.05760796543315838,0.022588940722042483,0.0350190247111159
2012,New York Knicks,NYK,5,0.2970027247956403,2011-12,0.30627928772258667,0.3035509736540664,0.4171270718232044,-0.009276562926946341,0.113576098169138,-0.12285266109608434
2012,Oklahoma City Thunder,OKC,20,0.3058161350844278,2011-12,0.3335245744884299,0.2698525492982768,0.3256557901471529,-0.02770843940400214,0.05580324084887611,-0.08351168025287825
2012,Orlando Magic,ORL,5,0.2442159383033419,2011-12,0.29213483146067415,0.24626442216758085,0.254278728606357,-0.04791889315733225,0.008014306438776125,-0.055933199596108374
2012,Philadelphia 76ers,PHI,13,0.31231527093596056,2011-12,0.21718636693255983,0.25499811391927574,0.26061204343534056,0.09512890400340074,0.0056139295160648195,0.08951497448733592
2012,San Antonio Spurs,SAS,14,0.2898550724637681,2011-12,0.261211788394655,0.22176258992805756,0.2875874125874126,0.02864328406911315,0.06582482265935505,-0.0371815385902419
2012,Utah Jazz,UTA,4,0.30612244897959184,2011-12,0.30157295244982824,0.32523540489642183,0.28125,0.004549496529763608,-0.04398540489642183,0.04853490142618544
2013,Atlanta Hawks,ATL,6,0.33836206896551724,2012-13,0.24367850692354004,0.23699252528213396,0.36210526315789476,0.0946835620419772,0.1251127378757608,-0.0304291758337836
2013,Boston Celtics,BOS,6,0.3115942028985507,2012-13,0.2628889921040409,0.2917608073505046,0.22661122661122662,0.048705210794509846,-0.06514958073927796,0.1138547915337878
2013,Brooklyn Nets,BRK,7,0.3037542662116041,2012-13,0.2992053789731051,0.23752645902630784,0.24573378839590443,0.004548887238499,0.008207329369596589,-0.003658442131097589
2013,Chicago Bulls,CHI,12,0.2867570385818561,2012-13,0.2594804419229621,0.27814166031987814,0.3354564755838641,0.02727659665889398,0.05731481526398596,-0.030038218605091982
2013,Denver Nuggets,DEN,6,0.34970530451866405,2012-13,0.3076041815838465,0.26448398576512455,0.26639344262295084,0.04210112293481755,0.001909456857826286,0.04019166607699126
2013,Golden State Warriors,GSW,12,0.25765054294175715,2012-13,0.2549707602339181,0.2815645671555939,0.32,0.002679782707839029,0.03843543284440609,-0.03575565013656706
2013,Houston Rockets,HOU,6,0.34156378600823045,2012-13,0.30772633441462693,0.25274725274725274,0.30443548387096775,0.03383745159360352,0.05168823112371501,-0.017850779530111494
2013,Indiana Pacers,IND,19,0.38358103326256193,2012-13,0.2934865900383142,0.25957638575935105,0.29423592493297585,0.09009444322424776,0.0346595391736248,0.05543490405062296
2013,Los Angeles Clippers,LAC,6,0.3141592920353982,2012-13,0.2857142857142857,0.3057683289041738,0.45076586433260396,0.02844500632111252,0.14499753542843014,-0.11655252910731762
2013,Los Angeles Lakers,LAL,4,0.23717948717948717,2012-13,0.3447289156626506,0.22200557103064067,0.22916666666666666,-0.10754942848316346,0.007161095636025988,-0.11471052411918944
2013,Memphis Grizzlies,MEM,15,0.3565004088307441,2012-13,0.26141637969755954,0.27930925221799746,0.2749786507258753,0.09508402913318453,-0.004330601492122166,0.0994146306253067
2013,Miami Heat,MIA,23,0.3030646992054484,2012-13,0.29725897920604916,0.26157093321272423,0.32395175186674324,0.005805719999399217,0.06238081865401901,-0.05657509865461979
2013,Milwaukee Bucks,MIL,4,0.26384364820846906,2012-13,0.23620953174934,0.26504463000287937,0.34563758389261745,0.027634116459129054,0.08059295388973808,-0.05295883743060903
2013,New York Knicks,NYK,12,0.2222222222222222,2012-13,0.25848407833756915,0.2860958366064415,0.3596698113207547,-0.036261856115346935,0.0735739747143132,-0.10983583082966014
2013,Oklahoma City Thunder,OKC,11,0.2951002227171492,2012-13,0.3376383763837638,0.25430292598967297,0.3429844097995546,-0.04253815366661462,0.08868148380988161,-0.13121963747649623
2013,San Antonio Spurs,SAS,21,0.261297798377752,2012-13,0.25842696629213485,0.23548850574712643,0.23325766174801363,0.00287083208561717,-0.0022308439991128026,0.0051016760847299725
2014,Atlanta Hawks,ATL,7,0.3157894736842105,2013-14,0.26644736842105265,0.26201958205465437,0.2966417910447761,0.049342105263157854,0.03462220899012175,0.014719896273036104
2014,Brooklyn Nets,BRK,12,0.32963374028856823,2013-14,0.3132530120481928,0.31116571955152816,0.36823935558112775,0.016380728240375453,0.057073636029599584,-0.04069290778922413
2014,Charlotte Bobcats,CHA,4,0.3122923588039867,2013-14,0.2971768202080238,0.24115238373793507,0.34210526315789475,0.01511553859596293,0.10095287941995967,-0.08583734082399674
2014,Chicago Bulls,CHI,5,0.2900763358778626,2013-14,0.2901018701535655,0.25045045045045045,0.32,-2.553427570289868e-05,0.06954954954954956,-0.06957508382525246
2014,Dallas Mavericks,DAL,7,0.21746293245469522,2013-14,0.252697579469233,0.30256256556271544,0.3278084714548803,-0.03523464701453777,0.025245905892164855,-0.06048055290670262
2014,Golden State Warriors,GSW,7,0.33505154639175255,2013-14,0.24710920770877945,0.29234104046242776,0.3888888888888889,0.0879423386829731,0.09654784842646114,-0.008605509743488032
2014,Houston Rockets,HOU,6,0.32545454545454544,2013-14,0.3860366500075723,0.25547243003602105,0.3206831119544592,-0.06058210455302687,0.06521068191843815,-0.12579278647146502
2014,Indiana Pacers,IND,19,0.3135593220338983,2013-14,0.29012627415183323,0.26057479734708916,0.28199863107460643,0.023433047882065072,0.021423833727517272,0.0020092141545478004
2014,Los Angeles Clippers,LAC,13,0.3342342342342342,2013-14,0.3526105605679633,0.29448117275079044,0.3509933774834437,-0.0183763263337291,0.05651220473265328,-0.07488853106638238
2014,Memphis Grizzlies,MEM,7,0.293354943273906,2013-14,0.2478060389706976,0.2593846153846154,0.31099656357388317,0.045548904303208376,0.05161194818926779,-0.0060630438860594105
2014,Miami Heat,MIA,20,0.3049203049203049,2013-14,0.30038265306122447,0.2829343629343629,0.3040816326530612,0.004537651859080449,0.02114726971869829,-0.016609617859617842
2014,Oklahoma City Thunder,OKC,19,0.32664941785252266,2013-14,0.3025656148628723,0.3040046769950307,0.2824519230769231,0.02408380298965035,-0.021552753918107626,0.045636556907757975
2014,Portland Trail Blazers,POR,11,0.28082901554404144,2013-14,0.26997476871320436,0.252950159655699,0.2799597180261833,0.010854246830837078,0.0270095583704843,-0.01615531153964722
2014,San Antonio Spurs,SAS,23,0.2907039226222461,2013-14,0.23991817650496786,0.24240252293577982,0.2566137566137566,0.050785746117278235,0.014211233677976803,0.03657451243930143
2014,Toronto Raptors,TOR,7,0.3911368015414258,2013-14,0.3058946114915153,0.31507682945382626,0.3923809523809524,0.08524219004991052,0.07730412292712613,0.007938067122784387
2014,Washington Wizards,WAS,11,0.28506271379703535,2013-14,0.24783236994219654,0.2882991556091677,0.30760095011876487,0.03723034385483881,0.01930179450959718,0.01792854934524163
2015,Atlanta Hawks,ATL,16,0.22717311906501095,2014-15,0.2589938796835349,0.24225972120322817,0.2595588235294118,-0.03182076061852393,0.01729910232618362,-0.04911986294470755
2015,Boston Celtics,BOS,4,0.3081570996978852,2014-15,0.23270004160310637,0.27495319026357484,0.39375,0.07545705809477882,0.11879680973642515,-0.04333975164164633
2015,Brooklyn Nets,BRK,6,0.250501002004008,2014-15,0.2670487948265726,0.25285693620714594,0.20689655172413793,-0.016547792822564633,-0.045960384483008015,0.029412591660443382
2015,Chicago Bulls,CHI,12,0.25671641791044775,2014-15,0.30410475209651316,0.2423688282458855,0.25892857142857145,-0.04738833418606542,0.016559743182685965,-0.06394807736875138
2015,Cleveland Cavaliers,CLE,20,0.3252720677146312,2014-15,0.2869861997328981,0.2378102189781022,0.2749699157641396,0.03828586798173311,0.037159696786037394,0.0011261711956957188
2015,Dallas Mavericks,DAL,5,0.27391304347826084,2014-15,0.26193860147811254,0.2711399711399711,0.4289044289044289,0.0119744420001483,0.1577644577644578,-0.1457900157643095
2015,Golden State Warriors,GSW,21,0.26286037309214244,2014-15,0.23945635421045258,0.28387916431394694,0.3129640205596802,0.02340401888168986,0.02908485624573326,-0.005680837364043401
2015,Houston Rockets,HOU,17,0.44036697247706424,2014-15,0.3122072599531616,0.2766719175139625,0.2980263157894737,0.12815971252390262,0.02135439827551122,0.1068053142483914
2015,Los Angeles Clippers,LAC,14,0.36141533277169335,2014-15,0.3026354319180088,0.31208302446256486,0.383248730964467,0.058779900853684564,0.07116570650190213,-0.012385805648217563
2015,Memphis Grizzlies,MEM,11,0.2702702702702703,2014-15,0.2763566464586722,0.24700777977259125,0.24745762711864408,-0.00608637618840191,0.0004498473460528285,-0.006536223534454738
2015,Milwaukee Bucks,MIL,6,0.23629489603024575,2014-15,0.2579589407914311,0.2983086364316719,0.2754491017964072,-0.021664044761185358,-0.02285953463526469,0.0011954898740793307
2015,New Orleans Pelicans,NOP,4,0.26409495548961426,2014-15,0.2634289919058131,0.2569709421778691,0.3028571428571429,0.0006659635838011657,0.04588620067927379,-0.045220237095472626
2015,Portland Trail Blazers,POR,5,0.2583732057416268,2014-15,0.22542204568023833,0.24048855819177312,0.2988235294117647,0.032951160061388485,0.058334971219991594,-0.02538381115860311
2015,San Antonio Spurs,SAS,7,0.2981574539363484,2014-15,0.25590895827254156,0.25564786474274886,0.3459552495697074,0.04224849566380684,0.09030738482695855,-0.04805888916315171
2015,Toronto Raptors,TOR,4,0.24079320113314448,2014-15,0.2949187289500659,0.2833357890083984,0.3475609756097561,-0.0541255278169214,0.06422518660135768,-0.11835071441827907
2015,Washington Wizards,WAS,10,0.2804733727810651,2014-15,0.25891016200294553,0.28375219170075977,0.23191733639494833,0.021563210778119568,-0.051834855305811445,0.07339806608393101
2016,Atlanta Hawks,ATL,10,0.2417452830188679,2015-16,0.23660262891809908,0.2564465854349674,0.23863636363636365,0.005142654100768834,-0.017810221798603754,0.022952875899372588
2016,Boston Celtics,BOS,6,0.2346368715083799,2015-16,0.26359661109592786,0.30632439409149576,0.2447418738049713,-0.028959739587547967,-0.061582520286524445,0.03262278069897648
2016,Charlotte Hornets,CHO,7,0.30905861456483125,2015-16,0.2804102860444958,0.24888825132692582,0.2530755711775044,0.028648328520335442,0.004187319850578575,0.024461008669756867
2016,Cleveland Cavaliers,CLE,21,0.2667443214909726,2015-16,0.25885598141695704,0.27538598574821854,0.2585278276481149,0.007888340074015565,-0.01685815810010366,0.024746498174119225
2016,Dallas Mavericks,DAL,5,0.29802955665024633,2015-16,0.2653623188405797,0.2686845502797303,0.35507246376811596,0.03266723780966663,0.08638791348838565,-0.05372067567871902
2016,Detroit Pistons,DET,4,0.292358803986711,2015-16,0.29561168336390575,0.25003621613791105,0.20059880239520958,-0.0032528793771947617,-0.04943741374270147,0.04618453436550671
2016,Golden State Warriors,GSW,24,0.27201946472019467,2015-16,0.2500349210783629,0.27462482946794,0.31064237775647174,0.021984543641831777,0.036017548288531764,-0.014033004646699987
2016,Houston Rockets,HOU,5,0.32009345794392524,2015-16,0.35154082079742954,0.2892360613444174,0.2985781990521327,-0.0314473628535043,0.009342137707715303,-0.040789500561219605
2016,Indiana Pacers,IND,7,0.3187022900763359,2015-16,0.26800286327845385,0.2730537201953462,0.3223570190641248,0.05069942679788203,0.0493032988687786,0.00139612792910343
2016,Los Angeles Clippers,LAC,6,0.34509803921568627,2015-16,0.3183902944222518,0.2958537287647567,0.26640926640926643,0.026707744793434463,-0.029444462355490253,0.056152207148924715
2016,Memphis Grizzlies,MEM,4,0.2153846153846154,2015-16,0.29508674733926227,0.32621148784641585,0.2983606557377049,-0.07970213195464687,-0.02785083210871092,-0.05185129984593595
2016,Miami Heat,MIA,14,0.26441881100266196,2015-16,0.28206659698372405,0.2547006074631183,0.31037489102005233,-0.017647785981062092,0.055674283556934046,-0.07332206953799614
2016,Oklahoma City Thunder,OKC,18,0.32610124917817224,2015-16,0.29186670432081335,0.2711345939933259,0.26109660574412535,0.034234544857358884,-0.010037988249200547,0.04427253310655943
2016,Portland Trail Blazers,POR,11,0.286734693877551,2015-16,0.2683238636363636,0.30655147588192944,0.31178310740354537,0.018410830241187393,0.0052316315216159315,0.013179198719571461
2016,San Antonio Spurs,SAS,10,0.24848484848484848,2015-16,0.24599087832867442,0.24012520494857653,0.26814268142681424,0.002493970156174058,0.028017476478237713,-0.025523506322063655
2016,Toronto Raptors,TOR,20,0.300982800982801,2015-16,0.3283850652271705,0.26871657754010697,0.29838187702265373,-0.02740226424436948,0.02966529948254676,-0.05706756372691624
2017,Atlanta Hawks,ATL,6,0.3431952662721893,2016-17,0.2947383636889274,0.23172606568832985,0.27884615384615385,0.04845690258326191,0.04712008815782401,0.0013368144254378989
2017,Boston Celtics,BOS,18,0.2419035029742234,2016-17,0.27271424476927486,0.29026297085998576,0.28429423459244535,-0.03081074179505147,-0.005968736267540409,-0.024842005527511063
2017,Chicago Bulls,CHI,6,0.2404040404040404,2016-17,0.25878728469402046,0.2190449359064657,0.21428571428571427,-0.01838324428998006,-0.00475922162075143,-0.01362402266922863
2017,Cleveland Cavaliers,CLE,18,0.3157190635451505,2016-17,0.2747379003303174,0.2257001647446458,0.23547979797979798,0.04098116321483308,0.009779633235152185,0.031201529979680898
2017,Golden State Warriors,GSW,17,0.2920892494929006,2016-17,0.25910364145658266,0.26056627000410343,0.2770448548812665,0.03298560803631795,0.016478584877163083,0.016507023159154866
2017,Houston Rockets,HOU,11,0.3037433155080214,2016-17,0.3043903803131991,0.2496568762009333,0.26727642276422764,-0.0006470648051776773,0.01761954656329434,-0.01826661136847202
2017,Indiana Pacers,IND,4,0.2471264367816092,2016-17,0.2612898571634685,0.2857142857142857,0.32326283987915405,-0.014163420381859276,0.03754855416486835,-0.05171197454672763
2017,Los Angeles Clippers,LAC,7,0.3116883116883117,2016-17,0.3120234604105572,0.2738962708958423,0.30754716981132074,-0.00033514872224549297,0.033650898915478455,-0.03398604763772395
2017,Memphis Grizzlies,MEM,6,0.2634989200863931,2016-17,0.2798365917712285,0.34060324825986077,0.32181425485961124,-0.01633767168483541,-0.018788993400249532,0.002451321715414123
2017,Milwaukee Bucks,MIL,6,0.26652452025586354,2016-17,0.2738644825018615,0.27932960893854747,0.34684684684684686,-0.007339962245997977,0.06751723790829939,-0.07485720015429737
2017,Oklahoma City Thunder,OKC,5,0.30892448512585813,2016-17,0.2947412470358488,0.2852243498142326,0.4009546539379475,0.01418323809000932,0.11573030412371488,-0.10154706603370556
2017,Portland Trail Blazers,POR,4,0.2709497206703911,2016-17,0.2748264626717665,0.3073985004951195,0.32664756446991405,-0.003876742001375444,0.019249063974794534,-0.023125805976169977
2017,San Antonio Spurs,SAS,16,0.27653429602888085,2016-17,0.2631118881118881,0.2493054540137447,0.25549658832448824,0.013422407916992729,0.006191134310743529,0.0072312736062492
2017,Toronto Raptors,TOR,10,0.2830188679245283,2016-17,0.29314830875975717,0.2864284664019997,0.2947903430749682,-0.010129440835228876,0.008361876672968505,-0.01849131750819738
2017,Utah Jazz,UTA,11,0.29814385150812067,2016-17,0.28779739063699156,0.25301204819277107,0.2963386727688787,0.010346460871129115,0.04332662457610764,-0.03298016370497853
2017,Washington Wizards,WAS,13,0.28094820017559263,2016-17,0.25388818831441784,0.2840355402694182,0.31675874769797424,0.027060011861174793,0.032723207428556056,-0.005663195567381263
2018,Boston Celtics,BOS,19,0.28255372945638435,2017-18,0.24329749103942652,0.2506811989100817,0.27490297542043984,0.03925623841695783,0.024221776510358117,0.015034461906599711
2018,Cleveland Cavaliers,CLE,22,0.28206551915602446,2017-18,0.27467625899280573,0.2193976236529428,0.2515235457063712,0.007389260163218725,0.0321259220534284,-0.024736661890209677
2018,Golden State Warriors,GSW,21,0.2369878183831672,2017-18,0.23896848137535817,0.2448509485094851,0.24074074074074073,-0.0019806629921909624,-0.004110207768744378,0.002129544776553416
2018,Houston Rockets,HOU,17,0.26068965517241377,2017-18,0.29843614248479583,0.22944278181559072,0.2505338078291815,-0.03774648731238206,0.02109102601359078,-0.05883751332597284
2018,Indiana Pacers,IND,7,0.24064171122994651,2017-18,0.22208103910772273,0.23040414209693658,0.31273408239700373,0.018560672122223787,0.08232994030006716,-0.06376926817784337
2018,Miami Heat,MIA,5,0.34541062801932365,2017-18,0.2288123481492068,0.2742616033755274,0.36384439359267734,0.11659827987011684,0.08958279021714993,0.027015489652966906
2018,Milwaukee Bucks,MIL,7,0.25364963503649635,2017-18,0.2813280446599089,0.28059440559440557,0.2905982905982906,-0.02767840962341256,0.010003885003885049,-0.03768229462729761
2018,Minnesota Timberwolves,MIN,5,0.27602905569007263,2017-18,0.2803341356364151,0.2424373379429559,0.2590909090909091,-0.004305079946342494,0.016653571147953183,-0.020958651094295677
2018,New Orleans Pelicans,NOP,9,0.2042079207920792,2017-18,0.236983842010772,0.22270858204005836,0.21394230769230768,-0.0327759212186928,-0.00876627434775068,-0.02400964687094212
2018,Oklahoma City Thunder,OKC,6,0.24470134874759153,2017-18,0.2748926741448553,0.2517066085693537,0.3089108910891089,-0.03019132539726377,0.057204282519755234,-0.087395607917019
2018,Philadelphia 76ers,PHI,10,0.319774011299435,2017-18,0.26317272471118625,0.29255393180236605,0.32091346153846156,0.056601286588248756,0.028359529736095512,0.028241756852153244
2018,Portland Trail Blazers,POR,4,0.17307692307692307,2017-18,0.2404655075715087,0.25603521726782164,0.25970149253731345,-0.06738858449458562,0.0036662752694918144,-0.07105485976407744
2018,San Antonio Spurs,SAS,5,0.2744630071599045,2017-18,0.2450350050007144,0.22413543626103313,0.2463768115942029,0.029428002159190114,0.022241375333169777,0.007186626826020337
2018,Toronto Raptors,TOR,10,0.29040097205346294,2017-18,0.24968614869577346,0.27661393758016245,0.26627906976744187,0.04071482335768947,-0.010334867812720583,0.051049691170410055
2018,Utah Jazz,UTA,11,0.28399122807017546,2017-18,0.25982050904810944,0.24691358024691357,0.24344176285414482,0.024170719022066023,-0.00347181739276875,0.027642536414834773
2018,Washington Wizards,WAS,6,0.273972602739726,2017-18,0.2544884582502137,0.2791269152934374,0.29979879275653926,0.0194841444895123,0.02067187746310184,-0.0011877329735895392
2019,Boston Celtics,BOS,9,0.28797886393659183,2018-19,0.21527684224706992,0.2592079756300194,0.27918781725888325,0.07270202168952192,0.019979841628863848,0.05272218006065807
2019,Brooklyn Nets,BRK,5,0.31947483588621445,2018-19,0.28377276433813536,0.24693312227938266,0.2982832618025751,0.035702071548079084,0.05135013952319242,-0.01564806797511334
2019,Denver Nuggets,DEN,14,0.27949326999208235,2018-19,0.23212351029252437,0.2571993224167137,0.27929373996789725,0.04736975969955798,0.02209441755118352,0.025275342148374458
2019,Detroit Pistons,DET,4,0.17054263565891473,2018-19,0.2615363360044211,0.2793801119242359,0.32463768115942027,-0.09099370034550638,0.04525756923518437,-0.13625126958069075
2019,Golden State Warriors,GSW,22,0.28232189973614774,2018-19,0.22714305121586742,0.265961718645429,0.3004223864836325,0.05517884852028032,0.03446066783820351,0.020718180682076814
2019,Houston Rockets,HOU,11,0.289587852494577,2018-19,0.2793522267206478,0.2735716296087813,0.28541448058761804,0.010235625773929224,0.01184285097883675,-0.0016072252049075253
2019,Indiana Pacers,IND,4,0.24550898203592814,2018-19,0.24204625087596357,0.2433772489021108,0.271875,0.003462731159964566,0.028497751097889185,-0.02503501993792462
2019,Los Angeles Clippers,LAC,6,0.3233644859813084,2018-19,0.3259960991919755,0.2882510013351135,0.2902621722846442,-0.002631613210667072,0.002011170949530683,-0.004642784160197755
2019,Milwaukee Bucks,MIL,15,0.3169811320754717,2018-19,0.25485209476643017,0.22088929456252446,0.2577777777777778,0.06212903730904151,0.036888483215253315,0.025240554093788198
2019,Oklahoma City Thunder,OKC,5,0.29534883720930233,2018-19,0.26589670386711656,0.27103960396039606,0.2651685393258427,0.02945213334218577,-0.005871064634553336,0.03532319797673911
2019,Orlando Magic,ORL,5,0.2674698795180723,2018-19,0.21554673600656904,0.23897007654836463,0.1895734597156398,0.051923143511503234,-0.04939661683272484,0.10131976034422807
2019,Philadelphia 76ers,PHI,12,0.30097087378640774,2018-19,0.31218028480575144,0.26791899813482545,0.3037608486017358,-0.011209411019343696,0.03584185046691035,-0.04705126148625405
2019,Portland Trail Blazers,POR,16,0.27436074637180374,2018-19,0.25770836138413894,0.25297941495124593,0.29378925331472433,0.016652384987664803,0.0408098383634784,-0.024157453375813598
2019,San Antonio Spurs,SAS,7,0.2701342281879195,2018-19,0.23730684326710816,0.2249116127277672,0.23973727422003285,0.03282738492081133,0.014825661492265663,0.01800172342854567
2019,Toronto Raptors,TOR,24,0.2748279252704032,2018-19,0.24681724845995892,0.24877584330794342,0.30110220440881763,0.02801067681044425,0.052326361100874214,-0.024315684290429962
2019,Utah Jazz,UTA,5,0.2962962962962963,2018-19,0.2953967805704603,0.2512063973528195,0.28978622327790976,0.0008995157258359643,0.03857982592509024,-0.037680310199254274
2020,Boston Celtics,BOS,17,0.2853185595567867,2019-20,0.2586848635235732,0.28095086151882576,0.2913816689466484,0.026633696033213472,0.010430807427822653,0.01620288860539082
2020,Brooklyn Nets,BRK,4,0.2684931506849315,2019-20,0.2665435518621114,0.2429724880382775,0.25824175824175827,0.0019495988228200867,0.015269270203480761,-0.013319671380660675
2020,Dallas Mavericks,DAL,6,0.297196261682243,2019-20,0.2638806851742469,0.22976121141525918,0.3049907578558225,0.0333155765079961,0.07522954644056334,-0.04191396993256724
2020,Denver Nuggets,DEN,19,0.25956632653061223,2019-20,0.23520345252774352,0.26033909047694503,0.299167200512492,0.024362874002868712,0.03882811003554698,-0.01446523603267827
2020,Houston Rockets,HOU,12,0.23517978620019436,2019-20,0.2880835380835381,0.2589163757778115,0.27191235059760954,-0.05290375188334373,0.012995974819798028,-0.06589972670314176
2020,Indiana Pacers,IND,4,0.2523364485981308,2019-20,0.21573486139073875,0.24415544201888836,0.3684210526315789,0.03660158720739207,0.12426561061269056,-0.0876640234052985
2020,Los Angeles Clippers,LAC,13,0.29118432769367764,2019-20,0.2947859922178988,0.27194333230674467,0.2783318223028105,-0.003601664524221171,0.006388489996065838,-0.009990154520287009
2020,Los Angeles Lakers,LAL,21,0.2925170068027211,2019-20,0.2756420481735524,0.2628091158881526,0.3112931538911644,0.016874958629168657,0.04848403800301182,-0.03160907937384316
2020,Miami Heat,MIA,21,0.3221125943122461,2019-20,0.2987012987012987,0.27189377173569396,0.27288040426726556,0.023411295610947402,0.0009866325315716074,0.022424663079375795
2020,Milwaukee Bucks,MIL,10,0.27898966704936856,2019-20,0.27116601385959627,0.22602739726027396,0.2850412249705536,0.007823653189772295,0.05901382771027966,-0.051190174520507364
2020,Oklahoma City Thunder,OKC,7,0.2809364548494983,2019-20,0.29028589993502274,0.21815928106600557,0.18110236220472442,-0.009349445085524433,-0.03705691886128115,0.02770747377575672
2020,Orlando Magic,ORL,5,0.23702031602708803,2019-20,0.2560296846011132,0.22781018445530507,0.24772727272727274,-0.01900936857402516,0.01991708827196767,-0.03892645684599283
2020,Philadelphia 76ers,PHI,4,0.38095238095238093,2019-20,0.2552594670406732,0.2846215139442231,0.3130434782608696,0.12569291391170773,0.02842196431664651,0.09727094959506122
2020,Portland Trail Blazers,POR,5,0.2834467120181406,2019-20,0.24181360201511334,0.26957675859017843,0.3167420814479638,0.041633110003027246,0.04716532285778535,-0.005532212854758106
2020,Toronto Raptors,TOR,11,0.24049331963001028,2019-20,0.26378139314484284,0.26261990879069036,0.2751322751322751,-0.023288073514832558,0.012512366341584757,-0.035800439856417315
2020,Utah Jazz,UTA,7,0.2844677137870855,2019-20,0.267699836867863,0.24076671341748482,0.19900497512437812,0.016767876919222546,-0.0417617382931067,0.058529615212329245
2021,Atlanta Hawks,ATL,18,0.2407170294494238,2020-21,0.2778220028657857,0.2366780928638205,0.2731333758774729,-0.037104973416361875,0.03645528301365239,-0.07356025643001426
2021,Boston Celtics,BOS,5,0.31065759637188206,2020-21,0.23371348226839556,0.27329995154256176,0.32387706855791965,0.0769441141034865,0.050577117015357886,0.02636699708812862
2021,Brooklyn Nets,BRK,12,0.23500967117988394,2020-21,0.2580696454126252,0.2409858512094934,0.2530459231490159,-0.02305997423274128,0.012060071939522521,-0.0351200461722638
2021,Dallas Mavericks,DAL,7,0.23255813953488372,2020-21,0.242404962621282,0.2585739352368799,0.29285714285714287,-0.009846823086398282,0.03428320762026299,-0.04413003070666127
2021,Denver Nuggets,DEN,10,0.22668112798264642,2020-21,0.21893491124260356,0.2584160026020491,0.256,0.0077462167400428605,-0.0024160026020491054,0.010162219342091966
2021,Los Angeles Clippers,LAC,19,0.2896596017983301,2020-21,0.22220442165972445,0.23927366222079383,0.2270203578038248,0.06745518013860566,-0.012253304416969035,0.0797084845555747
2021,Los Angeles Lakers,LAL,6,0.29518072289156627,2020-21,0.2709375504276263,0.23710014467127472,0.2525458248472505,0.024243172463939977,0.015445680175975807,0.00879749228796417
2021,Memphis Grizzlies,MEM,5,0.21610169491525424,2020-21,0.2324455205811138,0.24863002974792547,0.30324074074074076,-0.016343825665859568,0.05461071099281528,-0.07095453665867485
2021,Miami Heat,MIA,4,0.226890756302521,2020-21,0.25211477857024384,0.233827603063386,0.23544973544973544,-0.02522402226772283,0.001622132386349423,-0.026846154654072252
2021,Milwaukee Bucks,MIL,23,0.22816229116945108,2020-21,0.23282904689863843,0.20185406698564592,0.19740777666999004,-0.004666755729187344,-0.004446290315655882,-0.0002204654135314621
2021,New York Knicks,NYK,5,0.2523148148148148,2020-21,0.2419277108433735,0.2573683362860364,0.22641509433962265,0.010387103971441325,-0.030953241946413745,0.04134034591785507
2021,Philadelphia 76ers,PHI,12,0.34207968901846453,2020-21,0.2934313568802941,0.2620226873302445,0.30484330484330485,0.048648332138170436,0.04282061751306038,0.005827714625110059
2021,Phoenix Suns,PHO,22,0.21859967931587387,2020-21,0.21189240207645116,0.2496798975672215,0.25918153200419725,0.006707277239422715,0.009501634436975742,-0.002794357197553027
2021,Portland Trail Blazers,POR,6,0.25660377358490566,2020-21,0.2375724306190912,0.25774980330448466,0.26691042047531993,0.019031342965814463,0.009160617170835272,0.00987072579497919
2021,Utah Jazz,UTA,11,0.28833693304535635,2020-21,0.24369482976040352,0.20726333383984197,0.2517985611510791,0.04464210328495283,0.04453522731123716,0.00010687597371566993
2021,Washington Wizards,WAS,5,0.327313769751693,2020-21,0.2877653887276615,0.27722171671216256,0.3325892857142857,0.03954838102403152,0.05536756900212314,-0.01581918797809162
2022,Atlanta Hawks,ATL,5,0.2813299232736573,2021-22,0.25258942135064216,0.22401974225390733,0.24766355140186916,0.028740501923015138,0.023643809147961825,0.005096692775053313
2022,Boston Celtics,BOS,24,0.28338430173292556,2021-22,0.23901213897028045,0.23431657665143332,0.23247945867568873,0.044372162762645107,-0.0018371179757445955,0.0462092807383897
2022,Brooklyn Nets,BRK,4,0.3301282051282051,2021-22,0.24562129361467383,0.2553076402974983,0.27002967359050445,0.08450691151353129,0.014722033293006143,0.06978487822052515
2022,Chicago Bulls,CHI,5,0.15964523281596452,2021-22,0.2477900940086993,0.2509065550906555,0.24651162790697675,-0.08814486119273479,-0.0043949271836787596,-0.08374993400905603
2022,Dallas Mavericks,DAL,18,0.28865979381443296,2021-22,0.24906903466055572,0.24125124982145407,0.2680272108843537,0.03959075915387725,0.026775961062899645,0.012814798090977603
2022,Denver Nuggets,DEN,5,0.30434782608695654,2021-22,0.24367848566181663,0.24874441964285715,0.3284313725490196,0.06066934042513991,0.07968695290616246,-0.019017612481022544
2022,Golden State Warriors,GSW,22,0.22955145118733508,2021-22,0.23493720897417808,0.2648633417864187,0.2696808510638298,-0.0053857577868429984,0.004817509277411092,-0.01020326706425409
2022,Memphis Grizzlies,MEM,12,0.2965328467153285,2021-22,0.2452513244605246,0.25271701747145414,0.2627526467757459,0.05128152225480387,0.010035629304291749,0.04124589295051212
2022,Miami Heat,MIA,18,0.2526041666666667,2021-22,0.2520851308599367,0.2679349404589021,0.3078571428571429,0.0005190358067299616,0.03992220239824079,-0.03940316659151083
2022,Milwaukee Bucks,MIL,12,0.23579545454545456,2021-22,0.256581639612604,0.2198896514600996,0.2080536912751678,-0.020786185067149437,-0.011835960184931799,-0.008950224882217639
2022,Minnesota Timberwolves,MIN,6,0.34146341463414637,2021-22,0.2539554840439796,0.2905207315370655,0.3681214421252372,0.08750793059016676,0.0776007105881717,0.009907220001995065
2022,New Orleans Pelicans,NOP,6,0.34189723320158105,2021-22,0.2638657792567942,0.2501070052789271,0.23943661971830985,0.07803145394478683,-0.010670385560617252,0.08870183950540408
2022,Philadelphia 76ers,PHI,12,0.2896698615548456,2021-22,0.2820253894979804,0.24982386924052416,0.25688976377952755,0.0076444720568651925,0.007065894539003387,0.0005785775178618058
2022,Phoenix Suns,PHO,13,0.22862453531598512,2021-22,0.22127486804709703,0.25693773298357037,0.3063314711359404,0.007349667268888083,0.049393738152370026,-0.04204407088348194
2022,Toronto Raptors,TOR,6,0.2441860465116279,2021-22,0.23354252904259581,0.2517704870646047,0.32409381663113007,0.010643517469032082,0.07232332956652537,-0.06167981209749329
2022,Utah Jazz,UTA,6,0.33544303797468356,2021-22,0.2711192868260931,0.2160426345996174,0.27479338842975204,0.06432375114859046,0.058750753830134644,0.0055729973184558135
2023,Atlanta Hawks,ATL,6,0.17647058823529413,2022-23,0.24425666754687086,0.25669099756691,0.18299445471349354,-0.06778607931157674,-0.07369654285341645,0.005910463541839717
2023,Boston Celtics,BOS,20,0.23391812865497075,2022-23,0.2430612805715856,0.23437922639978362,0.21848260125499144,-0.009143151916614856,-0.015896625144792176,0.00675347322817732
2023,Brooklyn Nets,BRK,4,0.23624595469255663,2022-23,0.2595299512754371,0.27600937026319416,0.1783625730994152,-0.023283996582880467,-0.09764679716377897,0.0743628005808985
2023,Cleveland Cavaliers,CLE,5,0.2372448979591837,2022-23,0.26403207331042383,0.26843873229151455,0.3031026252983294,-0.026787175351240144,0.03466389300681483,-0.06145106835805497
2023,Denver Nuggets,DEN,20,0.2571262361838278,2022-23,0.2587471783295711,0.25969857661177786,0.24430157802454705,-0.0016209421457433204,-0.015396998587230815,0.013776056441487494
2023,Golden State Warriors,GSW,13,0.21035332785538208,2022-23,0.22386040849452185,0.27845884413309985,0.2874049027895182,-0.013507080639139774,0.008946058656418343,-0.022453139295558117
2023,Los Angeles Clippers,LAC,5,0.2979683972911964,2022-23,0.2779430514237144,0.25293386718210686,0.3325635103926097,0.020025345867482003,0.07962964321050281,-0.05960429734302081
2023,Los Angeles Lakers,LAL,16,0.2847919655667145,2022-23,0.29898602356810083,0.22161600415692387,0.1842456608811749,-0.014194058001386345,-0.03737034327574898,0.023176285274362635
2023,Memphis Grizzlies,MEM,6,0.20104895104895104,2022-23,0.25877367236127663,0.26218601493550575,0.23897058823529413,-0.05772472131232559,-0.023215426700211622,-0.03450929461211397
2023,Miami Heat,MIA,23,0.22784176264396594,2022-23,0.2696323844943499,0.2532981530343008,0.28258602711157454,-0.04179062185038396,0.029287874077273734,-0.07107849592765769
2023,Milwaukee Bucks,MIL,5,0.23110151187904968,2022-23,0.2478747807313453,0.2248822605965463,0.22939866369710468,-0.01677326885229563,0.004516403100558369,-0.021289671952854
2023,Minnesota Timberwolves,MIN,5,0.2929782082324455,2022-23,0.27096414120273477,0.29311529476432596,0.24829157175398633,0.02201406702971076,-0.04482372301033963,0.06683779004005039
2023,New York Knicks,NYK,11,0.32924107142857145,2022-23,0.2847980349344978,0.2687785309171393,0.26019845644983464,0.04444303649407366,-0.008580074467304688,0.05302311096137835
2023,Philadelphia 76ers,PHI,11,0.22727272727272727,2022-23,0.2995633187772926,0.2773733047822984,0.24526198439241917,-0.07229059150456532,-0.03211132038987921,-0.04017927111468611
2023,Phoenix Suns,PHO,11,0.26910994764397905,2022-23,0.24106659447753112,0.29826802952867687,0.27852004110996914,0.028043353166447932,-0.01974798841870773,0.04779134158515566
2023,Sacramento Kings,SAC,7,0.26905829596412556,2022-23,0.2841537610619469,0.25823271130625686,0.2732919254658385,-0.015095465097821337,0.015059214159581669,-0.030154679257403005
2024,Boston Celtics,BOS,19,0.23038292529817953,2023-24,0.22363439697133586,0.18922155688622755,0.16553428042001236,0.006748528326843667,-0.023687276466215185,0.03043580479305885
2024,Cleveland Cavaliers,CLE,12,0.2037962037962038,2023-24,0.2337716843872412,0.24024526198439242,0.26452905811623245,-0.029975480591037384,0.024283796131840035,-0.05425927672287742
2024,Dallas Mavericks,DAL,22,0.2731253420908593,2023-24,0.250544069640914,0.23903952515850532,0.23845327604726102,0.02258127244994529,-0.0005862491112443025,0.02316752156118959
2024,Denver Nuggets,DEN,12,0.19569471624266144,2023-24,0.22365709575491138,0.2522884882108183,0.24873096446700507,-0.027962379512249946,-0.0035575237438132123,-0.024404855768436734
2024,Indiana Pacers,IND,17,0.18375499334221038,2023-24,0.22173970259244638,0.2893628583072952,0.2631578947368421,-0.037984709250236004,-0.0262049635704531,-0.011779745679782905
2024,Los Angeles Clippers,LAC,6,0.26369168356997974,2023-24,0.2556274620146314,0.23572996706915478,0.3184584178498986,0.008064221555348361,0.08272845078074381,-0.07466422922539545
2024,Los Angeles Lakers,LAL,5,0.2222222222222222,2023-24,0.27629928939668386,0.19201248861714584,0.17324561403508773,-0.054077067174461646,-0.018766874582058113,-0.03531019259240353
2024,Miami Heat,MIA,5,0.1477832512315271,2023-24,0.25719168328111647,0.22349773242630386,0.25307125307125306,-0.10940843204958936,0.029573520644949197,-0.13898195269453856
2024,Milwaukee Bucks,MIL,6,0.24517374517374518,2023-24,0.2700468448608432,0.23404537614435453,0.1977818853974122,-0.024873099687098,-0.03626349074694232,0.011390391059844324
2024,Minnesota Timberwolves,MIN,16,0.2850678733031674,2023-24,0.2697160883280757,0.2521788023615406,0.27258444619010214,0.015351784975091709,0.020405643828561526,-0.005053858853469817
2024,New Orleans Pelicans,NOP,4,0.1893491124260355,2023-24,0.2614096301465457,0.23745632424877708,0.21341463414634146,-0.07206051772051023,-0.02404169010243562,-0.048018827618074605
2024,New York Knicks,NYK,13,0.2775831873905429,2023-24,0.24601210121012101,0.23057216054654142,0.23727272727272727,0.03157108618042187,0.006700566726185853,0.024870519454236018
2024,Oklahoma City Thunder,OKC,10,0.21561771561771562,2023-24,0.24016930638995085,0.2564872985523081,0.2332155477031802,-0.024551590772235232,-0.023271750849127915,-0.0012798399231073176
2024,Orlando Magic,ORL,7,0.29931972789115646,2023-24,0.2874784606547961,0.26423590935502617,0.25704225352112675,0.011841267236360364,-0.007193655833899415,0.01903492307025978
2024,Philadelphia 76ers,PHI,6,0.296,2023-24,0.26381121265857316,0.2713440405748098,0.2681564245810056,0.03218878734142683,-0.003187615993804238,0.035376403335231066
2024,Phoenix Suns,PHO,4,0.3696369636963696,2023-24,0.2711312473453207,0.22953688745288098,0.3333333333333333,0.09850571635104893,0.10379644588045234,-0.005290729529403404
2025,Boston Celtics,BOS,11,0.2727272727272727,2024-25,0.21200216743429964,0.19792661301323147,0.268370607028754,0.060725105292973064,0.07044399401552251,-0.009718888722549446
2025,Cleveland Cavaliers,CLE,9,0.31772151898734174,2024-25,0.2408651262761956,0.23235846525355514,0.23097463284379172,0.07685639271114614,-0.0013838324097634191,0.07824022512090956
2025,Denver Nuggets,DEN,14,0.27250206440957886,2024-25,0.259375,0.22244068685279852,0.25120772946859904,0.013127064409578837,0.028767042615800514,-0.015639978206221677
2025,Detroit Pistons,DET,6,0.33669354838709675,2024-25,0.247996740459052,0.27586685159500696,0.2656546489563567,0.08869680792804474,-0.010212202638650247,0.09890901056669499
2025,Golden State Warriors,GSW,12,0.23976608187134502,2024-25,0.2443335132218025,0.2458602301431378,0.3026315789473684,-0.004567431350457479,0.056771348804230626,-0.061338780154688105
2025,Houston Rockets,HOU,7,0.3472222222222222,2024-25,0.24167645906776342,0.24516841524019878,0.20098846787479407,0.1055457631544588,-0.044179947365404704,0.1497257105198635
2025,Indiana Pacers,IND,23,0.2922680412371134,2024-25,0.24133224133224132,0.24511665762344004,0.33684738955823296,0.0509357999048721,0.09173073193479292,-0.04079493202992082
2025,Los Angeles Clippers,LAC,7,0.23141891891891891,2024-25,0.25102473498233213,0.24502275312855518,0.23115577889447236,-0.019605816063413217,-0.013866974234082813,-0.005738841829330404
2025,Los Angeles Lakers,LAL,5,0.26903553299492383,2024-25,0.2714428428714143,0.22953955458395955,0.28045977011494255,-0.00240730987649046,0.050920215530983,-0.05332752540747346
2025,Memphis Grizzlies,MEM,4,0.23631123919308358,2024-25,0.24928142147896526,0.26736618408819235,0.2584856396866841,-0.012970182285881676,-0.008880544401508261,-0.004089637884373415
2025,Miami Heat,MIA,4,0.16257668711656442,2024-25,0.2317175679462034,0.2021481685486092,0.24561403508771928,-0.06914088082963898,0.04346586653911008,-0.11260674736874907
2025,Milwaukee Bucks,MIL,5,0.255125284738041,2024-25,0.26757977972324204,0.22226682724474775,0.22654462242562928,-0.012454494985201015,0.004277795180881533,-0.016732290166082547
2025,Minnesota Timberwolves,MIN,15,0.25585023400936036,2024-25,0.2490949596212754,0.23208096492444197,0.2719298245614035,0.006755274388084959,0.03984885963696155,-0.033093585248876595
2025,New York Knicks,NYK,18,0.2999357739242132,2024-25,0.23185235816814764,0.2228865406006674,0.29423328964613366,0.06808341575606558,0.07134674904546626,-0.0032633332894006772
2025,Oklahoma City Thunder,OKC,23,0.2899322362052275,2024-25,0.22,0.2723702664796634,0.28796343321482987,0.06993223620522751,0.015593166735166475,0.054339069470061035
2025,Orlando Magic,ORL,5,0.24407582938388625,2024-25,0.26869491043502985,0.2868263473053892,0.33076923076923076,-0.024619081051143604,0.043942883463841564,-0.06856196451498517
